{
  "作者": "黑白直播",
  "站名": "",
  "首页": "电影",
  "直接播放":"1",
  "起始页": "1",
  "主页url": "",
  "图片代理": "",
  "请求头": "手机",
  "分类": "今日赛程$0",
  "分类url": "https://www.hbapp55.com/live/api/homepage/live/get_hot_focus_event_list?queryType={cateId}",
  
  "二次截取": "",
  "数组": "data.eventInfoList",
  "图片": "eventAnchorInfo.coverImage",
  "标题": "eventAnchorInfo.title",
  "副标题": "eventInfo.startTime",
  "链接前缀": "",
  "链接": "eventAnchorInfo.pullm3u8",
  "链接后缀":"",
  
  
  "线路标题": "播放列表",
  
  "播放二次截取": "",
  "播放请求头":"手机",
  "播放链接前缀": "",
  "播放链接后缀": "",
  "免嗅": "",
  "嗅探词":"",
   "过滤词":"",
  "播放列表": "",
  "播放标题": "",
  "播放链接": ""
}