{
"站名":"聚优直播",
"主页url":"https://sezb.xyz/",
"直接播放":"1",
"数组":"<a&&</a>",
"图片":"data-original=\"&&\"",
"标题":"title=\"&&\"",
"链接":"href=\"&&\"",
"链接前缀":"https://sezb.xyz",
"副标题":"<div class=\"duration\">&&</div>",
"分类":"亚洲直播$yzzb/zb/gwzb#欧美直播$yzzb/zb/omzb#卡哇伊直播$xxj/xb/kwy#咪狐直播$xxj/zb/mh#蜜桃直播$xxj/zb/mt#小妲己直播$xxj/zb/xdj#LOVE直播$xxj/zb/love#番茄直播$xxj/zb/fq#77直播$xxj/zb/qq#依依直播$xxj/zb/yy#日出直播$xxj/zb/rc#彩虹直播$xxj/zb/ch#久久直播$xxj/zb/jj#亚米直播$xxj/zb/ym#蝶恋直播$xxj/zb/ld#夜妖姬直播$xxj/zb/yyj#套路直播$xxj/zb/tl#樱花直播$xxj/zb/yh#享色直播$xxj/zb/xs#红浪漫直播$xxj/zb/hlm#金鱼直播$xxj/zb/jy#桃花直播$xxj/zb/jy#桃花直播$xxj/zb/th#花房直播$xxj/zb/hf#小仙女直播$xxj/zb/xxn#视觉秀直播$xxj/zb/sjx#小天使直播$xxj/zb/xts#彩云直播$xxj/zb/cy#咪咪直播$xxj/zb/mm#娇媚直播$xxj/zb/jm#黄瓜直播$xxj/zb/hg#色趣直播$xxj/zb/sq#糯米直播$xxj/zb/nm#小蜜蜂直播$xxj/zb/xmf#小红帽直播$xxj/zb/xhm#桃花运直播$xxj/zb/thy#苦瓜直播$xxj/zb/kg#爱爱你直播$xxj/zb/aan#樱花雨直播$xxj/zb/yh#盘他直播$xxj/zb/pt#夜色直播$xxj/zb/ys#蝴蝶直播$xxj/zb/hd#小天仙直播$xxj/zb/xtx#杏趣直播$xxj/zb/xq#小坏蛋直播$xxj/zb/xhd#飘雪直播$xxj/zb/px#樱桃直播$xxj/zb/yt#奥斯卡直播$xxj/zb/ask#兔女郎直播$xxj/zb/tnl#花仙子直播$xxj/zb/hxz#小性感直播$xxj/zb/xxg#蓝月亮直播$xxj/zb/lyl#名流直播$xxj/zb/ml#情趣直播$xxj/zb/qqu#牵手直播牵手直播$xxj/zb/qs#蚊香社直播$xxj/zb/wxs#杏播直播$xxj/zb/xb#喜欢你直播$xxj/zb/xhn#小辣椒直播$xxj/zb/xlj#小精灵直播$xxj/zb/xjl#小棉袄直播$xxj/zb/xma",
"分类url":"https://sezb.xyz/?vip={cateId}/zb/{class}.html",

"免嗅":"0",
"嗅探词":".m3u8#.mp4#.flv#.m4a#.avi#.mkv#.mov#.3gp#.asf#.rm#.rmvb#.wmv#.mpg#.mpeg#.mpe#.ts#.vob#.mp3#.wma"

}



