{
    "站名": "农民影视",
    "主页url": "https://nmddd.com/",
    "分类": "电影$1#连续剧$2#综艺$3#动漫$4",
    "分类url": "https://nmddd.com/vod-list-id-{cateId}-pg-{catePg}-order--by-{by}-class-{class}-year-{year}-letter--area-{area}-lang-.html;;akv",
    "免嗅":"0",
    "嗅探词":".mp4#.m3u8#item/video#video_mp4#video/tos",
    "数组": "<li>&&</li>",
    "标题": "sTit\"&&</span>",
    "副标题": "<span>&&<em>",
    "图片": "data-echo=\"&&\"",
    "链接": "href=\"&&\"",
    "导演": "导演:&&</div>",
    "主演": "主演:&&</div>",
    "影片年代": "年代：&&</span>",
    "简介": "简*介：&&</p>",
    "线路数组": "javascript:;\"&&</li>",
    "线路标题": "LiteApple",
    "播放数组": "<ul>&&</ul>",
    "播放标题": "title=*>&&<",
    "播放列表": "<a&&/a>",
    "搜索url": "/index.php?m=vod-search&wd={wd}",
    "搜索数组": "pic\">&&</li>",
    "搜索标题": "<span class=\"sTit\">&&</span>",
    "搜索副标题": "sStyle\">&&</span>",
    "搜索图片": "data-src=\"&&\"",
    "搜索链接": "href=\"&&\""
}