{
    "urls": [
{
            "url": "https://jihulab.com/bh666/YGBH/-/raw/main/box%E5%8E%9F.json",
            "name": "🌈月光宝盒专享线路"
        },
 {
            "url": "https://ghproxy.net/https://raw.githubusercontent.com//yydfys/yydf/main/XYQTVBox/xyq.json",
            "name": "香雅情"
        },
        {
            "url": "http://饭太硬.top/tv",
            "name": "饭太硬"
        },
{
            "url": "https://tvbox.cainisi.cf",
            "name": "菜妮丝"
        },
 {
            "url": "http://我不是.肥猫.love:63/接口禁止贩卖",
            "name": "肥猫不肥"
        },
        {
            "url": "http://xhww.fun:63/小米/DEMO.json",
            "name": "小米DEMO"
        },
  {
            "url": "https://pastebin.com/raw/5NHaxyGR",
            "name": "道长神魔"
        },
     
        {
            "url": "https://weixine.net/ysc.json",
            "name": "♥影视车运输"
        },
           
     {
            "url": "http://hyxuanit.com/jiekou/tu.json  ",
            "name": "春盈在线"
        },
      
          
            {
            "url": "https://raw.gitmirror.com/yydfys/yydf/main/yydf/yydf.json",
            "name": "业余专源"
        },
         
      {
            "url": "http://rihou.cc:99/荷城茶秀",
            "name": "荷城茶秀99备用"
        },
    
             {
            "url": "http://小盒酷玩.fun:66/禁止贩卖",
            "name": "小盒酷玩"
        },    
                     {
            "url": "http://pandown.pro/tvbox/tvbox.json",
            "name": "巧计"
        },
                    {
            "url": "https://xhdwc.tk/0",
            "name": "🐘好人"
        },
                {
            "url": "https://codeberg.org/AK47/online/raw/branch/main/%E9%BB%91%E7%8C%AB%E5%BD%B1%E8%A7%86.json",
            "name": "🦝黑猫影视"
        },
        {
            "url": "https://codeberg.org/AK47/drpy-js/raw/branch/main/js.json",
            "name": "🐰猫爪js_0715"
        },

        {
            "url": "http://www.tvbox.lltv8.top/TVBox/lib/猎狼TV吧.json",
            "name": "🐬猎狼"
        },
        {
            "url": "http://itvbox.cc/tvbox/云星日记/1.m3u8",
            "name": "😹云星日记"
        },
        {
            "url": "https://yydsys.top/duo",
            "name": "🐏多多"
        },
        {
            "url": "https://calendre.top/TVBox/YXHC.json",
            "name": "☪夕✿晨"
        },
        {
            "url": "http://8.210.232.168/xc.json",
            "name": "🦕星辰"
        },
         {
            "url": "https://agit.ai/VivoMax/tangs/raw/branch/master/tangs.json",
            "name": "🐄tangs"
        },
        {
            "url": "http://tv.lengniuge.ga/yingshi",
            "name": "🦏楞牛哥"
        },
        {
            "url": "http://home.jundie.top:81/top98.json",
            "name": "🦆俊于"
        },
    
        {
            "url": "https://agit.ai/Yoursmile7/TVBox/raw/branch/master/XC.json",
            "name": "🐝南风"
        },
        
        {
            "url": "https://kebedd69.github.io/TVbox-interface/%E7%94%9C%E8%9C%9C.json",
            "name": "🦢甜蜜"
        },
        {
            "url": "http://52bsj.vip:98/wuai",
            "name": "🦅吾爱"
        },
        {
            "url": "http://miaotvs.cn/meow",
            "name": "🐔喵影视"
        },
        {
            "url": "https://raw.iqiq.io/liu673cn/box/main/m.json",
            "name": "🦓老刘备"
        }
    ]
}
