    {
    
    "作者":"荷城茶秀",
    
    "站名":"圣城影视",
    
    "主页url":"https://sc1080.top/",
    
    "简介":"【🌙月光宝盒】提醒您请勿相信影片中的广告，以免上当受骗。防失联请关注公众号【宝盒没宝】。+剧情：</span>&&</span>",
    
    "导演":"导演：&&</div>",
    
    "主演":"主演：&&</div>",
    
    "影片状态":"集数：&&</div>",
    
    "影片类型":"icon-cate-ds\">&&</a>",
    
    "数组":"module-item-pic\">&&module-item\">",
    
    "标题":"title=\"&&\"",
    
    "副标题":"module-item-text\"&&</div>",
    
    "图片":"data-src=\"&&\"",
    
    "链接":"href=\"&&\"",
    
    "搜索url":"/index.php/vod/search.html?wd={wd}",
    
    "搜索数组":"lazy lazyload\"&&<h3>[不包含:肥猫不肥#神秘的哥哥]",
    
    "搜索标题":"alt=\"&&\"",
    
    "搜索副标题":"title=*>&&</a>",
    
    "搜索图片":"data-src=\"&&\"",
    
    "搜索链接":"href=\"&&\"",
    
    "线路数组":"data-dropdown-value=&&</div>[排序:蓝光ZK][不包含:备用#鸡儿云#飞速云#新浪云#金鹰云#火狐云]",
    
    "线路标题":"<span>&&</small>[替换:</span><small>>>🌙共]+集🌙",
    
    "播放数组":"sort-item\"&&</div>",
    
    "播放标题":"<span>&&</span>",
    
    "播放列表":"<a&&</a>",
    
    "分类url":"https://sc1080.top/index.php/vod/show/area/{area}/by/{by}/class/{class}/id/{cateId}/page/{catePg}/year/{year}.html",
    
    "分类":"电影4K$1#电视剧4K$2#综艺4K$3#动漫4K$4#bilibli4K$5#记录片4K$6#奈飞片库4K$7#4K片库$8#次元城片库$9"
   
    }
    
